백엔드개발자,전체
백엔드개발자,서버관리
백엔드개발자,SI개발
백엔드개발자,클라이언트
백엔드개발자,HTTP
백엔드개발자,핀테크
프론트엔드개발자,전체
프론트엔드개발자,인터페이스
프론트엔드개발자,반응형웹
프론트엔드개발자,GUI
웹개발자,전체
앱개발자,전체
앱개발자,SI개발
앱개발자,인터페이스
앱개발자,증강현실
앱개발자,가상현실
앱개발자,핀테크
앱개발자,챗봇
앱개발자,음성인식
앱개발자,메타버스
앱개발자,암호화폐
시스템엔지니어,전체
시스템엔지니어,시스템운영
시스템엔지니어,서버관리
시스템엔지니어,시스템설계
시스템엔지니어,서버구축
시스템엔지니어,네트워크관리
시스템엔지니어,시스템분석
시스템엔지니어,펌웨어
시스템엔지니어,SI개발
네트워크엔지니어,전체
네트워크엔지니어,네트워크관리
네트워크엔지니어,시스템운영
네트워크엔지니어,서버구축
DBA,전체
DBA,데이터관리
DBA,DBMS
DBA,데이터마이닝
DBA,DB튜닝
DBA,모델링
DBA,DW모델러
DBA,OLAP개발자
데이터엔지니어,전체
데이터엔지니어,빅데이터
데이터엔지니어,데이터파이프라인
데이터엔지니어,데이터레이크
데이터엔지니어,ETL
데이터사이언티스트,전체
데이터사이언티스트,데이터분석
데이터사이언티스트,데이터시각화
데이터사이언티스트,분석모델링
데이터사이언티스트,BI
보안엔지니어,전체
보안엔지니어,정보보안
보안엔지니어,방화벽
보안엔지니어,보안관제
보안엔지니어,네트워크관리
보안엔지니어,핀테크
보안엔지니어,암호화폐
소프트웨어개발자,전체
소프트웨어개발자,시스템설계
소프트웨어개발자,SI개발
소프트웨어개발자,시스템분석
소프트웨어개발자,아키텍처
소프트웨어개발자,클라이언트
소프트웨어개발자,정보보안
게임개발자,전체
게임개발자,MMORPG
게임개발자,클라이언트
게임개발자,모델링
게임개발자,가상현실
게임개발자,메타버스
게임개발자,증강현실
하드웨어개발자,전체
하드웨어개발자,회로설계
하드웨어개발자,펌웨어
하드웨어개발자,시스템설계
하드웨어개발자,검증
하드웨어개발자,시스템분석
머신러닝엔지니어,전체
머신러닝엔지니어,인공지능
머신러닝엔지니어,딥러닝
머신러닝엔지니어,모델링
머신러닝엔지니어,이미지프로세싱
머신러닝엔지니어,자연어처리(NLP)
머신러닝엔지니어,음성인식
머신러닝엔지니어,챗봇
블록체인개발자,전체
블록체인개발자,암호화폐
블록체인개발자,스마트컨트랙트
블록체인개발자,Dapp
블록체인개발자,DID
클라우드엔지니어,전체
클라우드엔지니어,클라우드아키텍트
클라우드엔지니어,클라우드개발자
클라우드엔지니어,솔루션스아키텍트
클라우드엔지니어,네트워크관리
웹퍼블리셔,전체
웹퍼블리셔,웹표준·웹접근성
웹퍼블리셔,반응형웹
웹퍼블리셔,GUI
웹퍼블리셔,웹마스터
IT컨설팅,전체
QA,전체
QA,검증
QA,테스터
QA,웹마스터
